{
	"class_name" : "PinholeCameraParameters",
	"extrinsic" : 
	[
		-0.86174675572181547,
		0.007196941334580903,
		0.50728762358089552,
		0.0,
		-0.25845407159485378,
		0.85419737516981531,
		-0.45116331536267434,
		0.0,
		-0.4365707524319144,
		-0.51989907509864297,
		-0.73424173800772707,
		0.0,
		0.37081817557486102,
		0.43943103394907213,
		2.0882311017328172,
		1.0
	],
	"intrinsic" : 
	{
		"height" : 1369,
		"intrinsic_matrix" : 
		[
			1185.5887777808966,
			0.0,
			0.0,
			0.0,
			1185.5887777808966,
			0.0,
			1279.5,
			684.0,
			1.0
		],
		"width" : 2560
	},
	"version_major" : 1,
	"version_minor" : 0
}